{
  "Total" : {
    "transaction" : "Total",
    "sampleCount" : 80,
    "errorCount" : 0,
    "errorPct" : 0.0,
    "meanResTime" : 904.175,
    "medianResTime" : 1023.0,
    "minResTime" : 479.0,
    "maxResTime" : 2055.0,
    "pct1ResTime" : 1216.4,
    "pct2ResTime" : 1328.6,
    "pct3ResTime" : 2055.0,
    "throughput" : 7.346863807512168,
    "receivedKBytesPerSec" : 8.773098855496373,
    "sentKBytesPerSec" : 3.859524950638259
  },
  "createUser" : {
    "transaction" : "createUser",
    "sampleCount" : 80,
    "errorCount" : 0,
    "errorPct" : 0.0,
    "meanResTime" : 904.175,
    "medianResTime" : 1023.0,
    "minResTime" : 479.0,
    "maxResTime" : 2055.0,
    "pct1ResTime" : 1216.4,
    "pct2ResTime" : 1328.6,
    "pct3ResTime" : 2055.0,
    "throughput" : 7.346863807512168,
    "receivedKBytesPerSec" : 8.773098855496373,
    "sentKBytesPerSec" : 3.859524950638259
  }
}