{
  "Total" : {
    "transaction" : "Total",
    "sampleCount" : 150,
    "errorCount" : 37,
    "errorPct" : 24.666666,
    "meanResTime" : 575.4466666666668,
    "medianResTime" : 525.5,
    "minResTime" : 426.0,
    "maxResTime" : 1540.0,
    "pct1ResTime" : 716.5000000000001,
    "pct2ResTime" : 1008.45,
    "pct3ResTime" : 1363.5400000000031,
    "throughput" : 13.879892662163412,
    "receivedKBytesPerSec" : 15.858681005366892,
    "sentKBytesPerSec" : 7.290829294670121
  },
  "createUser" : {
    "transaction" : "createUser",
    "sampleCount" : 150,
    "errorCount" : 37,
    "errorPct" : 24.666666,
    "meanResTime" : 575.4466666666668,
    "medianResTime" : 525.5,
    "minResTime" : 426.0,
    "maxResTime" : 1540.0,
    "pct1ResTime" : 716.5000000000001,
    "pct2ResTime" : 1008.45,
    "pct3ResTime" : 1363.5400000000031,
    "throughput" : 13.879892662163412,
    "receivedKBytesPerSec" : 15.858681005366892,
    "sentKBytesPerSec" : 7.290829294670121
  }
}